DISTRICT,LOCATION,LONGITUDE,LATITUDE,pH,EC,CO3,HCO3,Cl,SO4,NO3,F,PO4,Ca,Mg,Na,K,SiO2,TH,SAR_VALUE,RSC_VALUE
Amritsar,Ajnala,74.7608,31.8439,8.4,1100,24,305.1,120.5,160.0,55.0,0.32,0,32.0,38.9,170.0,51.0,,240.192,4.037902233,1.0
Amritsar,Amritsar,74.8787,31.6358,8.22,602,0,317.3,28.4,86.0,12.0,0.45,0,40.0,31.6,72.0,16.0,,230.184,1.701790053,0.6
Amritsar,Beas,75.3,31.515,8.02,710,0,341.7,70.9,70.0,7.0,0.50,0,44.0,41.3,77.0,11.0,,280.224,1.667424603,-0.040
Amritsar,Bhindi Saidan,74.641,31.811,8.8,1530,84,671.2,35.5,102.0,0.7,0.10,0.1,44.0,17.0,305.0,7.1,,180.144,7.810249676,10.2
Amritsar,Chogawan,74.6649,31.7041,8.34,482,48,183.1,21.3,62.0,0.3,0.52,0,24.0,31.6,60.0,9.2,,190.152,1.609325342,0.8
Amritsar,Gaggomahal,74.66666667,31.9,8.39,382,24,207.5,7.1,25.0,0.5,0.38,0.22,24.0,12.2,62.0,4.7,,110.088,2.060949735,2.0
Amritsar,Jadiala Guru,75.033,31.567,8.12,389,0,244.1,14.2,45.0,0.9,0.60,0,36.0,24.3,33.0,9.2,,190.152,0.84993415,0.2
Amritsar,Mahawa,74.9375,31.56666667,8.05,768,0,366.1,56.7,50.0,0.5,0.52,0,36.0,24.3,105.0,17.0,,190.152,2.704335933,2.2
Amritsar,Mehta,75.25,31.66666667,8.38,475,24,219.7,14.2,65.0,19.0,0.60,0,28.0,36.5,43.0,12.0,,220.176,1.070825227,0.0
Amritsar,Nayatandel,75.1723,31.6701,7.99,523,0,280.7,35.5,30.0,0.9,0.28,0,56.0,17.0,41.0,15.0,,210.168,0.959737407,0.4
Amritsar,Ramdas,74.9111,31.9667,8.47,742,36,402.7,14.2,52.0,0.5,0.65,0,24.0,21.9,145.0,4.4,,150.12,4.280471947,4.8
Amritsar,Urdhan,74.86,31.9,8.25,367,0,268.5,7.1,50.0,2.3,0.35,0,40.0,29.2,28.0,7.3,,220.176,0.673185852,0.0
Barnala,Bahadaur,75.324,30.475,8.68,1267,72,525.0,71.0,130.0,22.0,0.65,0,20.0,41.0,265.0,9.5,,220,6.785954636,6.6
Barnala,Barnala,75.5325,30.35916667,8.37,1118,36,610.0,50.0,80.0,21.0,0.30,0,28.0,49.0,210.0,9.5,,270,4.786344211,5.7
Barnala,Mahal kalan,75.5458,30.5681,7.96,1018,0,647.0,50.0,0.0,36.0,0.48,0,24.0,41.0,180.0,13.0,,230,4.465250445,6.0
Bathinda,Ablu,74.7908,30.3386,8.15,710,0,219.7,40.4,110.0,27.0,0.43,0,46.0,20.2,65.0,29.0,,197.7581,1.59777035,-0.4
Bathinda,Badiala,75.32,30.23,8.2,2520,0,524.8,242.5,528.0,31.0,0.62,0,29.0,73.3,442.0,13.0,,374.6995,8.740060686,1.0
Bathinda,Bahman Kor Sing,75.127,29.909,8.44,480,36,146.4,13.5,40.0,3.5,0.89,0,46.0,17.7,24.0,8.2,,187.3498,0.601411213,-0.2
Bathinda,Balluana,74.782,30.2236,8.1,5405,0,903.1,680.3,810.0,425.0,1.30,0,71.0,187.2,660.0,400.0,,947.1571,8.214777638,-4.3
Bathinda,Bhagi Bandar,75.067,30.031,8.22,3325,0,805.5,410.9,485.0,56.0,1.50,0,42.0,83.5,420.0,345.0,,447.5578,7.498206957,4.1
Bathinda,Dera Tappa,74.9097,30.3056,8.4,507,36,146.4,26.9,70.0,6.2,0.59,0,46.0,32.9,20.0,7.2,,249.7997,0.450320263,-1.4
Bathinda,Dhapali,75.242,30.363,8.25,320,0,170.9,6.7,5.0,3.8,0.78,0,17.0,2.5,49.0,3.0,,52.0416,2.219262987,1.7
Bathinda,Dial pur bhlaike,75.133,30.396,8.25,1086,0,573.6,33.7,90.0,16.0,0.93,0,17.0,48.1,175.0,7.7,,239.3914,4.337880162,4.5
Bathinda,Dial pur mirja,75.1167,30.4167,8.65,2035,84,646.8,107.8,315.0,47.0,2.10,0,21.0,32.9,460.0,8.5,,187.3498,12.5312226,9.6
Bathinda,Ganga,74.835,30.362,8.1,1345,0,366.1,114.5,270.0,121.0,0.60,0,42.0,96.1,145.0,24.0,,499.5994,2.467749989,-4.1
Bathinda,Gulabgarh,75,30.15,8.4,3040,24,256.3,343.5,875.0,3.7,0.87,0,58.0,63.2,570.0,9.1,,405.9245,10.35508198,-3.2
Bathinda,Gurusar,75.092,29.993,8.38,2420,60,659.0,208.8,282.0,112.0,1.30,0,17.0,73.3,422.0,53.0,,343.4746,8.881750548,5.8
Bathinda,Jajjal,75.1,29.7583,8.17,1575,0,402.7,208.8,210.0,99.0,0.40,0,33.0,40.5,205.0,180.0,,249.7997,4.782337117,1.6
Bathinda,Jassi Bhagwali,74.801,30.068,8.31,1652,24,414.9,128.0,240.0,101.0,0.58,0,21.0,65.8,250.0,26.0,,322.6579,5.366734884,1.1
Bathinda,Jhanduke,75.15,30.16388889,8.5,1070,48,280.7,80.8,152.0,48.0,0.74,0,8.0,50.6,178.0,9.0,,228.983,4.650516504,1.6
Bathinda,Kailabander,75.0667,30.0583,8.48,1152,48,439.3,53.9,100.0,56.0,4.80,0,25.0,37.9,205.0,12.0,,218.5747,5.169618966,4.4
Bathinda,Kalyan sukhna,75.11555556,30.37305556,8.17,2565,0,500.4,229.0,418.0,293.0,1.10,0,67.0,75.9,385.0,75.0,,478.7827,6.441316079,-1.5
Bathinda,Khialiwala,74.98189167,30.22637778,8.65,1505,60,378.3,101.0,285.0,33.0,2.00,0,21.0,20.2,342.0,6.2,,135.3082,10.65632589,5.5
Bathinda,Kot Shamir,75.00833333,30.1125,8.02,2875,0,488.2,363.7,368.0,284.0,0.72,0,42.0,103.7,430.0,51.0,,530.8243,7.124734339,-2.7
Bathinda,Kothaguru,75.09972222,30.43361111,8.6,2450,84,805.5,141.4,260.0,31.0,1.40,0,21.0,20.2,530.0,12.0,,135.3082,16.51418925,13.3
Bathinda,Maiser khanna,75.5028,30.1528,8.1,1842,0,573.6,161.7,232.0,94.0,2.00,0,25.0,73.3,285.0,33.0,,364.2912,5.749076621,2.0
Bathinda,Nahianwala,74.9097,30.3056,8.3,1213,48,463.8,67.4,100.0,41.0,0.75,0,33.0,53.1,145.0,66.0,,301.8413,3.125333896,3.1
Bathinda,Phul,75.2458,30.3375,8.6,983,84,268.5,60.6,122.0,11.0,1.00,0,21.0,12.6,220.0,6.5,,104.0832,7.590721153,5.1
Bathinda,Phulla,75.13333333,30.00972222,8.62,900,72,292.9,33.7,90.0,40.0,3.10,0,21.0,30.4,148.0,37.0,,176.9414,4.12866981,3.6
Bathinda,Phullo Mithi,74.845,30.098,8.37,875,36,158.7,74.1,120.0,46.0,0.55,0,46.0,35.4,88.0,7.9,,260.208,1.950744833,-1.4
Bathinda,Rai ke kalan,74.7028,30.0764,8.05,2612,0,414.9,323.3,525.0,120.0,1.20,0,75.0,106.2,320.0,100.0,,624.4992,4.75445649,-5.8
Bathinda,Rampur phull,75.1667,30.25,8.7,1715,96,512.6,74.1,250.0,34.0,0.75,0,17.0,53.1,325.0,10.0,,260.208,7.763442624,6.3
Bathinda,Sangat kalan,74.8417,30.0839,8.5,888,60,305.1,26.9,178.0,9.4,1.30,0,21.0,22.8,200.0,6.5,,145.7165,6.043978852,4.1
Faridkot,Bajakhana,74.977,30.455,8.45,3450,108,817.7,303.1,480.0,81.0,1.50,0,13.0,65.8,705.0,15.0,,301.8413,15.88385829,10.9
Faridkot,Bir Sikhar wala,74.86555556,30.60833333,8.05,620,0,305.1,33.7,40.0,1.8,0.35,0,42.0,27.8,51.0,13.0,,218.5747,1.220878541,0.6
Faridkot,Chand Baja,74.862,30.739,8.25,1947,0,549.2,215.5,278.0,12.0,0.74,0,28.0,46.2,302.0,112.0,,260.208,7.011888249,3.8
Faridkot,Dalsinghwala,74.5536,30.2713,8.2,2470,0,476.0,249.2,542.0,24.0,0.80,0,50.0,58.2,440.0,11.0,,364.2912,8.459974262,0.5
Faridkot,Deep singh wala,74.47916667,30.73888889,8.47,2390,72,646.8,141.4,352.0,100.0,1.00,0,24.0,24.3,520.0,11.0,,160.128,14.96441604,9.8
Faridkot,Deviwala,74.5215,30.364,8.5,1560,72,573.6,47.1,328.0,28.0,0.85,0,21.0,22.8,400.0,11.0,,145.7165,12.0879577,8.9
Faridkot,Dhilwan Kalan,74.867,30.571,8.5,1345,72,573.6,47.1,170.0,13.0,1.30,0,21.0,45.5,250.0,54.0,,239.3914,6.131393395,7.0
Faridkot,Jand Sahib,74.527,30.69,8.27,2002,0,463.8,175.1,380.0,33.0,0.91,0,28.0,34.0,380.0,15.0,,210.168,9.652009652,3.4
Faridkot,Karir Wali,74.828,30.406,8.05,4155,0,610.2,417.6,1052.0,106.0,1.10,0,42.0,141.6,502.0,390.0,,686.9491,7.409644542,-3.9
Faridkot,Killi,74.483,30.841,8.65,3923,72,1037.3,269.4,628.0,144.0,4.00,0,20.0,24.3,755.0,270.0,,150.12,22.68689621,16.4
Faridkot,Kot Kapura,74.833,30.583,8.1,1600,0,512.6,121.2,258.0,82.0,0.85,0,42.0,53.1,145.0,230.0,,322.6579,2.973772489,1.9
Faridkot,Matta,74.5019,30.2858,8.54,1595,84,488.2,134.7,158.0,40.0,2.00,0,25.0,73.3,215.0,83.0,,364.2912,4.337022714,3.4
Faridkot,Mehmuana(sadiq),74.65555556,30.70833333,7.78,5812,0,341.7,936.2,1315.0,110.0,0.48,0,144.0,170.2,880.0,73.0,,1060.848,9.929092976,-15.8
Faridkot,Mumaru,74.656,30.708,8.45,3200,60,549.2,336.8,558.0,150.0,1.10,0,28.0,63.2,560.0,146.0,,330.264,11.72790943,4.3
Faridkot,Nangal,74.85861111,30.66611111,8.22,1480,0,561.4,80.8,315.0,30.0,0.55,0,29.0,58.2,280.0,8.9,,312.2496,5.996941116,2.9
Faridkot,Nawankillu,74.691,30.647,8.38,575,48,231.9,20.2,5.0,16.0,0.60,0,16.0,48.6,32.0,9.1,,240.192,0.796276163,0.6
Faridkot,Sadiqe,74.3529,30.4229,8.3,4686,72,695.6,579.3,765.0,200.0,1.10,0,36.0,85.1,920.0,26.0,,440.352,16.72036491,4.9
Faridkot,Sher singh wala,74.62305556,30.67055556,8.02,751,0,170.9,74.1,100.0,45.0,0.43,0,32.0,38.9,65.0,8.9,,240.192,1.543903795,-2.0
Faridkot,Sukhanwala,74.3822,30.3847,8.02,3327,0,378.3,464.7,732.0,125.0,0.83,0,81.0,91.9,560.0,32.0,,580.464,8.517664427,-5.5
Faridkot,Tehna,74.4726,30.4121,8.55,2632,72,549.2,188.6,535.0,22.0,2.30,0,20.0,31.6,565.0,12.0,,180.144,15.73090081,7.8
Faridkot,Waradharka,74.4515,30.3307,7.7,2150,0,207.5,296.4,541.0,24.0,0.14,0,138.0,60.7,250.0,33.0,,593.2742,3.547080712,-8.6
Fatehgarh Sahib,Amloh,76.2319,30.595,8.22,468,0,250.0,21.0,0.0,1.7,0.43,0,28.0,27.0,21.0,10.0,,180,0.566327884,0.4
Fatehgarh Sahib,Anayatpur,75.42358333,30.63861111,8.65,762,36,476.0,14.2,0.0,11.0,0.55,0,28.0,60.8,66.0,14.0,,320.256,1.400771988,2.5
Fatehgarh Sahib,Badlial Singh,76.53166667,30.63666667,8.54,737,51,281.0,35.5,1.4,0.0,0.80,0,12.0,19.0,115.0,7.0,,110,4.130921947,4.1
Fatehgarh Sahib,Basi Pathna,76.728,30.46,8.53,519,62,177.0,7.1,0.0,0.0,0.28,0,16.0,27.0,46.0,10.0,,150,1.402986847,1.9
Fatehgarh Sahib,Bhaddal Thuha,76.233,30.591,8.53,998,51,463.0,21.0,0.5,2.3,0.65,0,12.0,17.0,170.0,23.0,,100,6.313641498,7.3
Fatehgarh Sahib,Bhangrana,76.578,30.611,8.33,1042,51,317.0,121.0,5.0,0.0,0.44,0,12.0,63.0,102.0,8.2,,290,2.355589098,1.0
Fatehgarh Sahib,Bhateri,76.5189,30.7447,8.35,583,51,226.0,14.0,0.0,0.0,0.61,0,20.0,29.0,52.0,7.3,,170,1.485714286,2.0
Fatehgarh Sahib,Bir Bharmarsi,76.2911,30.5792,8.05,596,0,329.5,35.5,0.0,28.0,0.55,0,68.0,14.6,51.0,7.2,,230.184,1.122303063,0.8
Fatehgarh Sahib,Chunni Kalan,76.494,30.715,8.35,652,51,189.0,36.0,34.0,0.2,0.87,24,24.0,24.0,73.0,8.0,,160,2.107328483,1.6
Fatehgarh Sahib,Fatehgarh Sahib,76.4,30.65,8.58,707,62,214.0,35.5,40.0,16.0,0.58,0,12.0,27.0,63.0,85.0,,140,2.017614738,2.7
Fatehgarh Sahib,Innayatpur,76.39,30.648,8.27,797,0,366.0,64.0,3.0,11.0,0.25,0,20.0,24.0,110.0,12.0,,150,3.31662479,3.0
Fatehgarh Sahib,Nalini,76.5081,31.0244,8.42,667,48,275.0,14.0,3.4,4.0,0.75,0,24.0,34.0,56.0,10.0,,200,1.470632048,2.1
Fatehgarh Sahib,Narain,76.592,30.625,8.47,1564,75,555.0,142.0,0.0,2.8,0.80,0,24.0,44.0,250.0,10.0,,240,6.063390626,6.7
Fatehgarh Sahib,Pawala,76.60972222,30.63444444,8.67,798,99,201.0,43.0,3.0,6.0,0.48,0,20.0,10.0,142.0,4.0,,90,5.185106878,4.8
Fazilka,Dalewal Satkosi,74.0375,30.19861111,8,2840,0,292.9,370.5,640.0,130.0,0.56,0,71.0,136.6,342.0,48.0,,738.9907,4.747253541,-10.1
Fazilka,Deepulana,74.099,30.453,8.38,3910,84,744.4,303.1,780.0,89.0,3.60,0,29.0,37.9,785.0,110.0,,228.983,19.19493269,10.4
Fazilka,Dhaban Kokaryan,74.327,30.122,8.32,2570,48,231.9,350.2,560.0,14.0,2.20,0,46.0,86.0,410.0,11.0,,468.3744,7.137183894,-4.1
Fazilka,Kauranwali,74.056,30.383,8.2,3130,0,524.8,343.5,658.0,62.0,0.75,0,42.0,53.1,592.0,36.0,,322.6579,12.14119527,2.1
Fazilka,Khuiyan Serovar,74.078,30.113,8.17,5817,0,402.7,996.9,1295.0,35.0,0.72,0,50.0,217.5,945.0,36.0,,1020.015,11.55579719,-14.0
Fazilka,Sohangarh,74.389,30.601,8.7,8022,540,2806.9,26.9,950.0,158.0,1.50,0,12.0,160.5,1465.0,380.0,,690.552,22.30863874,50.0
Fazilka,Thoh Kalandor,74.09321111,30.47090833,8.6,975,72,451.5,20.2,35.0,20.0,0.85,0,8.0,32.9,180.0,24.0,,156.1248,5.629124405,6.7
Ferozepur,Alamgarh,74.0927,30.0736,8.1,798,0,402.7,78.0,32.0,13.0,0.65,0,44.0,41.3,90.0,12.0,,280.224,1.948937848,1.0
Ferozepur,Gattah Badsha,74.901,31.122,8.46,411,36,170.9,13.5,25.0,0.3,0.38,0,28.0,26.8,29.0,5.7,,180.144,0.783497679,0.4
Ferozepur,Jaimal Singh Wala,74.342,30.058,8.55,611,60,170.9,20.2,90.0,0.2,0.29,0,12.0,41.3,73.0,6.7,,200.16,1.999812374,0.8
Ferozepur,Jhokharihar,74.611,30.862,8.78,855,60,317.3,40.4,25.0,28.0,1.80,0,24.0,29.2,128.0,12.0,,180.144,3.509814381,3.6
Ferozepur,Ladhuwala,74.23,30.3206,8.2,1960,0,280.7,202.1,460.0,90.0,0.50,0,36.0,92.4,255.0,37.0,,470.376,4.500778749,-4.9
Ferozepur,Lauhke kalan,74.5529,31.0258,8.5,627,24,146.4,13.5,142.0,6.2,0.29,0,32.0,36.5,47.0,8.7,,230.184,1.135749535,-1.4
Ferozepur,Malsian,74.241,30.483,8.58,507,48,170.9,20.2,30.0,2.2,0.51,0,12.0,34.0,47.0,11.0,,170.136,1.385954388,1.0
Ferozepur,Piarana,74.4311,30.5304,8.48,1190,72,585.8,33.7,25.0,16.0,0.85,0,20.0,29.2,235.0,8.4,,170.136,6.700624895,8.6
Ferozepur,Shamsinghwala,74.3031,30.4739,8.15,1201,0,451.5,47.1,185.0,27.0,1.40,0,32.0,36.5,190.0,14.0,,230.184,4.591327909,2.8
Gurdaspur,Aulakhkalan,75.4866,31.7869,8.1,437,0,231.9,14.2,62.0,24.0,0.30,0,32.0,41.3,19.0,7.0,,250.2,0.443845284,-1.2
Gurdaspur,Bhagowal,75.163,31.896,8.28,376,0,207.5,7.1,45.0,1.3,0.40,0,24.0,29.2,18.0,12.0,,180.144,0.493567647,-0.2
Gurdaspur,Choranwali,75.148,31.858,8.08,218,0,109.8,7.1,12.0,2.4,0.28,0,32.0,7.3,2.8,2.6,,110.088,0.089328852,-0.4
Gurdaspur,Dera Baba Nanak,75.033,32.013,8.04,341,0,231.9,14.2,0.0,2.7,0.37,0,28.0,12.2,42.0,5.0,,120.096,1.324848626,1.4
Gurdaspur,Dhianpur,75.0703,31.9225,8.02,366,0,244.1,14.2,0.0,1.4,0.35,0,40.0,17.0,23.0,4.8,,170.136,0.609284884,0.6
Gurdaspur,Dina Nagar,75.475,32.14166667,8.02,705,0,390.5,35.5,50.0,14.0,0.55,0,48.0,104.6,40.0,1.9,,350,0.647608768,-4.7
Gurdaspur,Dokoha,75.38333333,31.65833333,7.97,430,0,231.9,7.1,36.0,27.0,0.32,0,32.0,31.6,20.0,8.6,,210.168,0.501569863,-0.4
Gurdaspur,Galri,75.3292,32.126,8.1,310,0,219.7,7.1,0.0,0.7,0.30,0,28.0,14.6,27.0,5.6,,130.104,0.827349408,1.0
Gurdaspur,Ganiya ke Banger,75.05,31.86666667,8.18,419,0,280.7,7.1,0.0,0.6,0.85,0,48.0,14.6,24.0,11.0,,180.144,0.606672167,1.0
Gurdaspur,Ganja (Ganji),75.353,32.114,8.4,432,36,256.3,7.1,0.0,0.3,0.24,0,32.0,31.6,32.0,4.4,,210.168,0.80251178,1.2
Gurdaspur,Ghoman,75.386,31.691,8.08,350,0,195.3,14.2,5.0,19.0,0.40,0,36.0,14.6,20.0,8.8,,150.12,0.562321557,0.2
Gurdaspur,Harchowal,75.45,31.792,8.28,240,0,146.4,7.1,0.0,1.2,0.22,0,36.0,7.3,3.1,3.9,,120.096,0.094221007,0.0
Gurdaspur,Hargovindpur,75.474,31.6877,8,515,0,231.9,28.4,25.0,46.0,0.35,0,40.0,29.2,31.0,7.3,,220.176,0.745312907,-0.6
Gurdaspur,Haruwal,74.908,31.916,8,300,0,207.5,7.1,10.0,1.0,0.32,0,32.0,14.6,23.0,4.6,,140.112,0.673852546,0.6
Gurdaspur,Kalanaur,75.133,32.017,7.92,314,0,231.9,14.2,0.0,1.0,0.30,0,32.0,17.0,27.0,5.0,,150.12,0.771428571,0.8
Gurdaspur,Madipur,74.9423,31.8279,8.75,1260,60,402.7,92.2,185.0,4.5,0.51,0,8.0,41.3,175.0,150.0,,190.152,4.984763804,4.8
Gurdaspur,Mullowali,75.0075,31.9908,8.12,350,0,256.3,7.1,0.0,0.6,0.35,0,32.0,9.7,45.0,5.0,,120.096,1.393716629,1.8
Gurdaspur,Nishayara Majjasing,75.30833333,31.92916667,7.9,530,0,280.7,28.4,28.0,7.6,0.26,0,48.0,31.6,24.0,5.5,,250.2,0.538003008,-0.4
Gurdaspur,Pandori Dham,75.5125,32.05277778,8.24,328,0,195.3,7.1,8.0,1.1,0.35,0,36.0,17.0,6.9,5.8,,160.128,0.189557578,0.0
Gurdaspur,Saidowal,75.51263889,31.97355556,8.22,1416,0,451.5,113.4,185.0,145.0,0.25,0,24.0,63.2,105.0,235.0,,320.256,2.248852919,0.9
Gurdaspur,Salechak,75.1808,32.0486,8.31,1170,60,610.2,14.2,58.0,1.5,0.62,0,24.0,17.0,252.0,6.4,,130.104,7.871157599,9.4
Gurdaspur,Satiali Nanekot,75.43333333,31.9,8.22,364,0,207.5,14.2,15.0,21.0,0.27,0,24.0,31.6,14.0,3.8,,190.152,0.375509247,-0.4
Hoshiarpur,Adhowal Garhi,75.61861111,31.9625,8.12,316,0,195.3,6.7,5.0,0.0,0.46,0,33.0,12.6,17.0,4.4,,135.3082,0.503496546,0.5
Hoshiarpur,Bhamnaur,75.965,31.83111111,8.05,325,0,207.5,10.1,22.0,15.0,0.35,0,38.0,22.8,16.0,3.5,,187.3498,0.410391341,-0.4
Hoshiarpur,Bhangala,75.60861111,32.02527778,8.48,980,36,402.7,60.6,26.0,70.0,0.37,0,88.0,30.4,54.0,80.0,,343.4746,0.99253974,0.9
Hoshiarpur,Chak Sheru,75.62444444,32.05111111,8,631,0,329.5,26.9,30.0,12.0,0.40,0,42.0,30.4,40.0,30.0,,228.983,0.940200989,0.8
Hoshiarpur,Chohal,75.972,31.611,7.98,397,0,195.3,20.2,10.0,37.0,0.36,0,42.0,12.6,29.0,11.0,,156.1248,0.784931345,0.1
Hoshiarpur,Dagan,75.715,31.951,8.1,380,0,183.1,20.2,0.0,13.0,0.31,0,38.0,2.5,38.0,3.8,,104.0832,1.194224786,0.9
Hoshiarpur,Dasuya,75.667,31.8,7.86,501,0,280.7,13.5,33.0,26.0,0.30,0,40.0,34.1,27.0,9.7,,239.3914,0.627313532,-0.2
Hoshiarpur,Dulmiwal,75.751,31.832,7.97,422,0,280.7,13.5,0.0,13.0,0.29,0,42.0,25.3,20.0,10.0,,208.1664,0.487587383,0.4
Hoshiarpur,Garh Di Wala,75.74166667,31.75,8.07,496,0,244.1,33.7,10.0,6.0,0.28,0,38.0,17.7,44.0,4.5,,166.5331,1.179112042,0.6
Hoshiarpur,Garhshankar,76.05,31.25,8.08,679,0,377.0,21.0,0.0,0.6,0.41,0,20.0,44.0,35.0,29.3,,230,0.875,1.5
Hoshiarpur,Hajipur,75.758,31.975,8.12,530,0,292.9,33.7,50.0,12.0,0.34,0,33.0,37.9,48.0,8.6,,239.3914,1.140113572,0.0
Hoshiarpur,Haler Rampur,75.789,31.863,8.42,406,0,268.5,13.5,12.0,0.4,0.40,0,21.0,32.9,25.0,11.0,,187.3498,0.681044707,0.6
Hoshiarpur,Jandaur,75.634,31.848,8.28,410,0,292.9,6.7,0.0,11.0,0.45,0,52.0,6.6,45.0,5.6,,156.1248,1.175692375,1.7
Hoshiarpur,Jhir Di Khui,75.813,31.963,8.23,223,0,109.8,16.8,0.0,6.0,0.30,0,29.0,2.5,15.0,4.3,,83.26656,0.534522484,0.1
Hoshiarpur,Mahalpur,76.04166667,31.35833333,8.45,587,100,63.0,21.0,24.0,24.0,0.33,0,20.0,17.0,70.0,19.0,,120,2.301585822,1.9
Hoshiarpur,Mukerian,75.61666667,31.94166667,8.1,401,24,146.4,23.6,25.0,17.0,0.41,0,38.0,20.2,22.0,11.0,,176.9414,0.576754756,-0.4
Hoshiarpur,Nangal Baila,75.7101,31.9144,7.88,667,0,256.3,40.4,60.0,90.0,0.32,0,63.0,45.5,27.0,5.0,,343.4746,0.51841659,-2.7
Hoshiarpur,Nari,75.998,31.641,8.15,510,0,317.3,13.5,0.0,23.0,0.35,0,63.0,12.6,38.0,8.7,,208.1664,0.874083042,1.0
Hoshiarpur,Pankhuh,75.6873,32.0286,8.22,260,0,134.2,13.5,16.0,11.0,0.26,0,33.0,10.1,12.0,6.0,,124.8998,0.365571732,-0.3
Hoshiarpur,Phuglana,75.8336,31.3836,8.28,768,0,360.0,36.0,4.0,41.0,1.00,0,20.0,27.0,105.0,0.3,,160,3.063164821,2.7
Hoshiarpur,Rampur Camp colony,75.947,31.503,8.24,461,0,268.5,26.9,8.0,2.7,0.65,0,25.0,22.8,48.0,9.3,,156.1248,1.38853645,1.3
Hoshiarpur,Samraj Tanda,75.5881,31.9151,8.05,558,0,231.9,40.4,40.0,31.0,0.28,0,50.0,30.4,27.0,10.0,,249.7997,0.602234645,-1.2
Hoshiarpur,Sham Chaurasi,75.754,31.4997,8.2,543,0,402.7,6.7,15.0,0.2,0.35,0,17.0,27.8,86.0,12.0,,156.1248,2.56974151,3.4
Hoshiarpur,SiboChak,75.7363,31.9869,7.93,490,0,353.9,13.5,0.0,0.7,0.32,0,42.0,22.8,47.0,8.5,,197.7581,1.167724388,1.8
Hoshiarpur,Simbli,76.1999,31.1428,8.19,543,0,317.0,7.0,0.0,1.4,0.35,0,20.0,24.0,52.0,8.0,,150,1.567858992,2.2
Hoshiarpur,Talwara,75.8916,31.9401,8.25,296,0,146.4,13.5,8.0,23.0,0.32,0,33.0,10.1,19.0,3.1,,124.8998,0.578821909,-0.1
Hoshiarpur,Thakarwal,75.9222,31.3653,8.2,549,0,302.0,14.2,5.0,1.4,0.43,0,12.0,32.0,50.0,6.0,,160,1.507556723,1.7
Jalandhar,Adampur,75.7161,31.4384,8.75,511,36,305.1,14.2,20.0,0.4,0.50,0,24.0,17.0,100.0,5.8,,130.104,3.123475238,3.6
Jalandhar,Allowalpur,75.6629,31.4309,8.1,715,0,244.1,49.6,169.0,0.5,0.27,0,60.0,38.9,56.0,14.0,,310.248,1.12621129,-2.2
Jalandhar,Billi Charmi,75.394,31.112,8.55,658,60,183.1,35.5,45.0,57.0,0.65,0,52.0,29.2,63.0,8.0,,250.2,1.398274799,0.0
Jalandhar,Gohiran,75.5013,31.1765,8.05,596,0,329.5,35.5,0.0,28.0,0.55,0,68.0,14.6,51.0,7.2,,230.184,1.122303063,0.8
Jalandhar,Goraya,75.53333333,31.23333333,8.65,1045,60,463.8,85.1,0.0,30.0,0.50,0,16.0,70.5,132.0,12.0,,330.264,2.838545585,2.9
Jalandhar,Jalandhar,75.589,31.325,8.28,448,0,231.9,42.5,50.0,2.3,0.70,0,40.0,26.8,42.0,7.3,,210.168,1.027758447,-0.4
Jalandhar,Jalbhe,75.786,31.47,8.55,413,48,219.7,7.1,5.0,0.7,0.40,0,24.0,14.6,70.0,5.4,,120.096,2.25337973,2.8
Jalandhar,Jandu Singha,75.646,31.373,8.48,718,60,85.4,70.9,135.0,0.4,0.30,0,36.0,29.2,86.0,15.0,,210.168,2.13012284,-0.8
Jalandhar,Kartarpur,75.499,31.436,8.22,875,0,195.3,120.5,70.0,85.0,0.32,0,48.0,38.9,84.0,9.6,,280.224,1.802185095,-2.4
Jalandhar,Lallian Kalan,75.6092,31.1583,8.11,600,0,244.1,21.3,104.0,11.0,0.50,0,52.0,34.0,34.0,9.2,,270.216,0.733262858,-1.4
Jalandhar,Malsian,75.3556,31.1344,8.68,610,36,329.5,14.2,22.0,6.9,0.54,0,32.0,26.8,85.0,9.0,,190.152,2.216972257,2.8
Jalandhar,Nakodar,75.4757,31.1343,8.44,566,36,353.9,7.1,15.0,1.4,0.60,0,36.0,26.8,79.0,9.6,,200.16,1.993780137,3.0
Jalandhar,Phillor,75.7837,31.0337,8.2,625,0,390.5,7.1,50.0,2.2,0.40,0,36.0,34.0,68.0,9.5,,230.184,1.625510909,1.8
Jalandhar,Sarih,75.5692,31.13,8.65,762,36,476.0,14.2,0.0,11.0,0.55,0,28.0,60.8,66.0,14.0,,320.256,1.400771988,2.5
Jalandhar,ShahKot,75.3369,31.0859,8.05,713,0,268.5,70.9,58.0,70.0,0.40,0,68.0,38.9,46.0,9.7,,330.264,0.889813468,-2.2
Jalandhar,Talwandi Madho,75.311,31.2,8.45,382,48,183.1,7.1,8.0,0.3,0.58,0,36.0,12.2,49.0,5.5,,140.112,1.411570445,1.8
Jalandhar,Turan,75.901,31.12,8.45,460,12,341.7,7.1,0.0,0.8,0.35,0,16.0,34.0,55.0,9.5,,180.144,1.555634919,2.4
Jalandhar,Udhopur,75.5644,31.2298,8.4,605,36,134.2,63.8,100.0,36.0,0.50,0,40.0,48.6,42.0,7.6,,300.24,0.892405884,-2.7
Jalandhar,Jandiala,75.4843,31.2518,8.1,798,0,402.7,78.0,32.0,13.0,0.65,0,44.0,41.3,90.0,12.0,,280.224,1.948937848,1.0
Kapurthala,Bhatnura Khurd,75.5818,31.5652,8.1,1432,0,610.2,163.1,65.0,34.0,0.40,0,60.0,68.1,135.0,83.0,,430.344,2.385553712,1.3
Kapurthala,Bholath,75.5083,31.5367,8,670,0,268.5,63.8,82.0,11.0,0.42,0,44.0,31.6,72.0,11.0,,240.192,1.656157342,-0.4
Kapurthala,Dalla,75.2294,31.183,8.32,693,36,317.3,49.6,15.0,24.0,0.47,0,28.0,41.3,82.0,9.5,,240.192,1.970049918,1.6
Kapurthala,Hussainpur,75.571,31.571,8.04,620,0,353.9,28.4,5.0,42.0,0.55,0,44.0,34.0,51.0,9.8,,250.2,1.154922575,0.8
Kapurthala,Kapurthala,75.381,31.369,8.2,425,0,280.7,21.3,15.0,10.0,0.40,0,40.0,21.9,41.0,5.9,,190.152,1.042241898,0.8
Kapurthala,Phagwara,75.7698,31.2159,8.1,833,0,268.5,92.2,55.0,64.0,0.50,0,44.0,36.5,88.0,10.0,,260.208,1.961619308,-0.8
Kapurthala,Sultanpur Lodhi,75.2028,31.2093,8.82,1452,60,634.6,63.8,110.0,1.6,0.53,0,4.0,41.3,295.0,7.4,,180.144,8.766029153,8.8
Kapurthala,Talwandi Choudhri,75.1815,31.2919,8.55,748,48,353.9,42.5,12.0,1.1,0.35,0,24.0,48.6,82.0,8.0,,260.208,1.92475536,2.2
Ludhiana,Aikloha,76.1708,30.6872,8.65,1045,60,463.8,85.1,0.0,30.0,0.50,0,16.0,70.5,132.0,12.0,,330.264,2.838545585,2.9
Ludhiana,Bhehlolpur,76.3106,30.8997,7.87,550,0,281.0,10.0,50.0,22.0,0.18,0,44.0,44.0,9.7,5.5,,290,0.206804695,-1.3
Ludhiana,Chatar singh Park,75.79166667,30.9,8.1,1012,0,476.0,69.0,0.0,88.0,0.46,0,92.0,24.0,55.0,9.6,,430,1.02132436,1.2
Ludhiana,Doraha,76.021,30.8,8.1,607,0,244.0,28.0,30.0,55.0,0.81,0,48.0,29.0,21.0,29.0,,240,0.478634421,-0.8
Ludhiana,Gopalpura,75.84166667,30.7375,8.33,1230,24,732.0,24.0,0.0,18.0,0.67,0,32.0,53.0,175.0,12.0,,300,3.796283012,6.8
Ludhiana,Halwara,75.638,30.725,8,838,0,378.0,48.0,22.0,50.0,0.46,0,36.0,44.0,41.0,69.0,,270,0.916787871,0.7
Ludhiana,Ikloha,76.219,30.702,7.75,865,0,390.0,62.0,38.0,40.0,0.80,0,20.0,75.0,27.0,61.0,,350,0.55402831,-0.9
Ludhiana,Jagraon,75.4778,30.8108,8.2,682,0,366.0,42.0,0.0,32.0,0.78,0,32.0,24.0,90.0,7.1,,180,2.405351177,2.4
Ludhiana,Lalan,76.1047,30.8353,7.6,530,0,146.0,28.0,120.0,2.7,0.19,0,76.0,7.3,9.0,1.0,,270,0.197219569,-2.0
Ludhiana,Lil,75.6872,30.7228,8.05,645,0,427.0,10.0,21.0,10.0,0.36,0,20.0,46.0,42.0,8.5,,290,1.033968524,2.2
Ludhiana,Maksudra,76.0161,30.7358,8.25,915,0,537.0,21.0,0.0,60.0,0.30,0,72.0,49.0,65.0,8.9,,380,1.181818182,1.1
Ludhiana,Manewal,76.162,30.938,7.8,1270,0,427.0,69.0,220.0,0.4,0.30,0,52.0,46.0,80.0,150.0,,320,1.616244071,0.6
Ludhiana,Mangat,75.91416667,30.98305556,8.04,658,0,329.0,14.0,65.0,0.0,0.32,0,36.0,27.0,71.0,5.0,,200,1.789031839,1.3
Ludhiana,Mushkabad,76.2303,30.8658,7.7,643,0,390.0,14.0,10.0,24.0,0.27,0,52.0,41.0,28.0,7.9,,300,0.580692949,0.4
Ludhiana,Pau Ludhiana,75.81111111,30.90277778,8.05,690,0,354.0,28.0,25.0,60.0,0.20,0,36.0,53.0,39.0,8.6,,310,0.826798346,-0.4
Ludhiana,Punjeta,76.0856,30.8925,7.82,605,0,354.0,17.0,0.0,23.0,0.28,0,64.0,36.0,10.0,5.8,,310,0.2,-0.4
Ludhiana,Rasulpur,75.394,30.699,8.1,1070,0,646.0,62.0,0.0,14.0,0.36,0,32.0,48.0,155.0,10.0,,280,3.465905365,5.0
Ludhiana,Samrala,76.1808,30.8386,7.9,538,0,317.0,21.0,0.0,16.0,0.45,0,12.0,51.0,18.0,22.0,,240,0.453557368,0.3
Ludhiana,Sherian,76.2425,30.9392,8.1,480,0,366.0,7.0,0.0,1.1,0.44,0,32.0,27.0,55.0,7.8,,190,1.432078021,2.2
Ludhiana,Sidhwan Bet,75.4742,30.9231,7.5,515,0,317.0,6.7,12.0,18.0,0.67,0,52.0,12.0,6.8,6.5,,280,0.17,1.6
Ludhiana,Utlan,76.1961,30.8206,7.7,815,0,378.0,62.0,0.0,29.0,0.36,0,72.0,24.0,63.0,8.9,,280,1.285982115,0.6
Mansa,Ahamdpur,75.82,30.66944444,8.05,596,0,329.5,35.5,0.0,28.0,0.55,0,68.0,14.6,51.0,7.2,,230.184,1.122303063,0.8
Mansa,Almadpur,75.4566,29.8333,8.11,600,0,244.1,21.3,104.0,11.0,0.50,0,52.0,34.0,34.0,9.2,,270.216,0.733262858,-1.4
Mansa,Bhikhi,75.54305556,30.1125,8.4,478,36,219.7,13.5,10.0,1.1,2.10,0,25.0,17.7,63.0,5.3,,135.3082,1.928220109,2.1
Mansa,Bhudhlada,75.49305556,29.76694444,8.02,3327,0,695.6,303.1,672.0,27.0,1.30,0,38.0,63.2,620.0,22.0,,353.8829,12.32626297,4.2
Mansa,Budhlada,75.4931,29.7669,8.8,3455,156,1183.8,195.3,330.0,23.0,5.80,0,21.0,27.8,785.0,12.0,,166.5331,22.47448462,21.2
Mansa,Burj bahlaike,75.2653,29.875,8.12,1340,0,317.3,161.7,238.0,50.0,0.76,0,46.0,53.1,182.0,42.0,,333.0662,3.656491401,-1.5
Mansa,Dialpura,75.665,29.893,8.5,2646,60,549.2,202.1,548.0,21.0,2.50,0,21.0,35.4,562.0,10.0,,197.7581,14.96672432,7.0
Mansa,Fatta Maluka,75.28333333,29.8,8.42,1987,84,598.0,202.1,180.0,25.0,1.70,0,25.0,63.2,365.0,13.0,,322.6579,7.772998207,6.1
Mansa,Jhanda Khurd,75.186,29.654,8.47,1912,60,341.7,215.5,350.0,25.0,0.96,0,33.0,53.1,350.0,11.0,,301.8413,7.543909405,1.5
Mansa,Kot Dharmu,75.461,29.908,8.4,1067,24,158.7,107.8,285.0,7.2,1.60,0,33.0,7.6,235.0,6.3,,114.4915,7.376236642,1.1
Mansa,Kotra Kalan,75.493,30.055,8.35,1430,36,414.9,94.3,242.0,38.0,1.50,0,17.0,73.3,215.0,12.0,,343.4746,4.525062483,1.0
Mansa,Mofar,75.4764,29.9431,8.9,1800,48,634.6,94.3,258.0,32.0,6.80,0,21.0,17.7,420.0,8.9,,124.8998,13.50279902,9.5
Mansa,Raipur,75.2589,29.9072,8.15,4455,0,671.2,666.8,825.0,150.0,1.10,0,67.0,141.6,785.0,18.0,,749.399,10.87032429,-4.1
Mansa,Ralla,75.4403,30.1236,8.2,335,0,170.9,13.5,25.0,1.0,0.35,0,33.0,20.2,7.3,5.9,,166.5331,0.200169101,-0.5
Moga,Bajeke,75.19638889,30.99194444,8.5,820,24,366.0,35.0,110.0,12.0,0.59,0,16.0,9.7,200.0,4.7,,80,7.890298432,5.2
Moga,Budh singh wala,75.1725,30.7547,8.42,1235,26,635.0,50.0,95.0,14.0,1.00,0,24.0,41.0,240.0,11.0,,230,5.95366726,6.7
Moga,Chaugawan,75.1217,31.6631,8.7,1190,72,390.0,35.0,220.0,0.9,0.70,0,8.0,15.0,295.0,4.6,,80,12.30235043,7.1
Moga,Dagru,75.026,30.824,8.5,1530,24,183.0,142.0,445.0,26.0,0.50,0,36.0,29.0,305.0,6.1,,210,7.56611881,-0.4
Moga,Dameru Khurd,74.98055556,30.69166667,8.04,628,0,354.0,14.0,62.0,1.0,0.22,0,52.0,46.0,23.0,8.6,,320,0.46467017,-0.6
Moga,Darapur,74.95888889,30.84138889,8.35,1100,36,525.0,50.0,48.0,22.0,0.39,0,28.0,34.0,190.0,10.0,,210,4.826004826,5.6
Moga,Jai singh wala,75.072,30.728,8.95,1417,84,469.0,49.0,130.0,45.0,7.10,0,20.0,24.0,290.0,5.6,,150,8.743828993,7.5
Moga,Nihal singh wala,75.2783,30.5933,8.65,1280,60,696.0,78.0,50.0,47.0,0.52,0,28.0,39.0,290.0,12.0,,230,7.085827773,8.8
Muktsar,Bhalaiana,74.4247,30.1949,7.87,6078,0,500.4,727.4,915.0,1000.0,0.45,0,50.0,252.9,522.0,705.0,,1165.732,5.998613244,-15.4
Muktsar,Doda,74.63333333,30.38888889,8.04,4042,0,451.5,545.6,700.0,500.0,0.93,0,38.0,225.1,530.0,84.0,,1020.015,6.534997732,-13.3
Muktsar,Dohak,74.60305556,30.62805556,7.78,6434,0,341.7,1273.0,1170.0,75.0,0.41,0,132.0,218.9,890.0,153.0,,1230.984,9.502290825,-19.2
Muktsar,Kabarwala,74.41,30.193,8.28,3027,0,720.0,377.2,545.0,61.0,2.10,0,38.0,55.6,625.0,53.0,,322.6579,12.92028485,5.3
Muktsar,Khandehalal,74.403,30.364,8.1,820,0,195.3,87.6,198.0,5.0,0.48,0,42.0,30.4,120.0,6.3,,228.983,2.820602968,-1.4
Muktsar,Labanianwali,74.3253,30.3509,8.1,1722,0,451.5,175.1,322.0,29.0,0.78,0,60.0,90.0,205.0,16.0,,520.416,3.347635982,-3.1
Muktsar,Lambi,74.3626,30.0325,8.47,2355,72,341.7,255.9,450.0,52.0,2.00,0,25.0,37.9,485.0,9.6,,218.5747,12.23056194,3.6
Muktsar,Muktsar,74.3054,30.2818,7.86,4060,0,390.5,808.3,655.0,36.0,0.63,0,38.0,209.9,445.0,200.0,,957.5654,5.652645413,-13.0
Muktsar,Sareawali,74.464,30.032,8.32,6098,108,976.3,1064.2,600.0,87.0,1.40,0,42.0,139.1,880.0,465.0,,676.5408,13.07836466,5.9
Muktsar,Balochakhera,74.51,30.4832,8,1155,0,183.1,134.7,230.0,53.0,0.34,0,71.0,40.5,95.0,62.0,,343.4746,1.79935215,-3.9
Nawanshahr,Bahlloor Kalan,76.1563,31.0178,8.12,894,0,482.0,36.0,0.0,2.0,0.45,0,20.0,56.0,112.0,14.0,,190,2.569456219,2.2
Nawanshahr,Balachor,75.84666667,31.86166667,7.8,519,0,275.0,21.0,1.0,1.0,0.61,0,24.0,19.0,45.0,16.7,,140,1.372487133,1.7
Nawanshahr,Mauhra,76.3252,31.1029,7.79,858,0,356.0,64.0,23.0,29.0,0.35,0,28.0,61.0,47.0,8.0,,320,0.996398007,-0.6
Nawanshahr,Mehandpur,76.2306,31.1424,8.14,693,0,372.0,14.0,12.0,2.0,0.34,0,28.0,22.0,81.0,8.0,,160,2.291025971,2.9
Nawanshahr,Rahon,76.1188,31.0574,8,1332,0,342.0,135.0,79.0,140.0,0.29,0,20.0,39.0,118.0,157.0,,210,3.072458299,1.4
Nawanshahr,Raipur Dhaba,76.0002,31.1279,8.11,561,0,281.0,7.1,40.0,7.3,0.67,1,24.0,32.0,40.0,11.0,,190,1.069044968,0.7
Pathankot,Bamial,75.458,32.288,8.25,338,0,244.1,7.1,5.0,1.2,0.24,0,36.0,17.0,25.0,3.3,,160.128,0.68680282,0.8
Pathankot,Bham,75.4507,31.7598,8.28,370,0,207.5,14.2,20.0,13.0,0.34,0,24.0,29.2,17.0,8.0,,180.144,0.466147223,-0.2
Pathankot,Bhoa,75.5238,32.2497,8.05,430,0,183.1,21.3,30.0,25.0,0.22,0,32.0,17.0,28.0,20.0,,150.12,0.8,0.0
Pathankot,Dhalorian,75.543,32.209,8.01,330,0,183.1,14.2,10.0,11.0,0.22,0,32.0,24.3,5.6,1.9,,180.144,0.149267007,-0.6
Pathankot,Gharota Kalan,75.57222222,32.15,7.97,312,0,195.3,7.1,10.0,4.2,0.22,0,28.0,19.5,16.0,2.1,,150.12,0.4643048,0.2
Pathankot,Ghoh,75.663,32.329,8.4,675,36,256.3,42.5,10.0,50.0,0.26,0,80.0,26.8,34.0,1.8,,310.248,0.65799605,-0.8
Pathankot,Jakolahri,75.5432,32.2167,7.87,395,0,244.1,7.1,18.0,10.0,0.22,0,36.0,31.6,7.0,3.4,,220.176,0.170276489,-0.4
Pathankot,Keari,75.497,32.279,7.92,370,0,256.3,7.1,5.0,3.5,0.28,0,48.0,14.6,22.0,3.2,,180.144,0.556116153,0.6
Pathankot,Khani Khui,75.55,32.16,8.07,530,0,341.7,14.2,15.0,1.0,0.60,0,36.0,36.5,36.0,2.5,,240.192,0.845597116,0.8
Pathankot,Kui,75.8706,32.4336,8.27,710,0,305.1,70.9,26.0,18.0,0.28,0,96.0,19.5,34.0,1.9,,320.256,0.632729263,-1.4
Pathankot,Nawanpind,75.5889,32.3406,8.1,320,0,158.7,14.2,10.0,23.0,0.20,0,28.0,21.9,9.1,4.0,,160.128,0.257644642,-0.6
Pathankot,Parmota,75.753,32.3474,8.12,115,0,61.0,7.1,0.0,4.3,0.15,0,16.0,2.4,5.5,1.9,,50.04,0.256438822,0.0
Pathankot,Pathankot,75.6501,32.2736,7.89,450,0,231.9,28.4,14.0,14.0,0.24,0,24.0,29.2,33.0,7.2,,180.144,0.90487402,0.2
Pathankot,Sarna,75.5879,32.2626,7.9,328,0,183.1,14.2,0.0,4.2,0.20,0,32.0,19.5,7.7,2.6,,160.128,0.214593768,-0.2
Patiala,Allowal,76.29,30.43805556,7.8,818,0,574.0,28.0,0.0,7.7,0.40,0,40.0,32.0,130.0,8.4,,230,3.064129385,4.7
Patiala,Balbhera,76.358475,30.15791389,7.86,962,0,549.0,48.0,0.0,27.0,0.48,0,52.0,41.0,108.0,7.9,,300,2.239815661,3.0
Patiala,Basma Pepla,76.4069,30.685,7.65,2354,0,439.0,354.0,276.0,100.0,0.30,0,76.0,107.0,180.0,168.0,,631,2.661196575,-5.5
Patiala,Behmana,76.1347,30.1789,8.65,930,36,256.0,48.0,168.0,1.0,0.80,0,8.0,7.3,217.0,0.9,,50,11.09542684,4.4
Patiala,Bhojo Majri,76.1778,30.4156,7.94,630,0,330.0,46.0,0.0,8.3,0.50,0,48.0,24.0,52.0,17.0,,220,1.225651754,1.0
Patiala,Bir Kauli,76.514,30.414,8.04,1132,0,464.0,77.0,152.0,1.4,0.75,0,40.0,51.0,155.0,7.5,,310,3.249682994,1.4
Patiala,Chahal,76.238,30.546,7.92,687,0,336.0,83.0,0.0,0.0,0.48,0,40.0,32.0,82.0,8.7,,230,1.932758535,0.8
Patiala,Chhat,76.796,30.614,7.92,453,0,293.0,6.7,0.0,1.8,0.30,0,40.0,19.0,35.0,2.3,,180,0.911322377,1.2
Patiala,Dakarba,76.278,30.255,7.85,467,0,159.0,6.7,98.0,6.6,0.35,0,48.0,29.0,12.0,5.9,,220,0.273505384,-2.2
Patiala,Devi Garh,76.51333333,30.18472222,8.01,936,0,476.0,35.0,102.0,0.0,0.45,0,32.0,39.0,140.0,5.7,,240,3.322988643,3.0
Patiala,Dulladi,76.138,30.383,7.9,1027,0,476.0,83.0,0.0,65.0,0.30,0,40.0,46.0,120.0,9.6,,290,2.587986557,2.0
Patiala,Hari Majra,76.607,30.319,8.08,2413,0,610.0,139.0,595.0,7.4,0.95,0,40.0,36.0,500.0,1.2,,250,11.47078669,5.0
Patiala,Kalyan,76.3031,30.3558,7.85,1039,0,464.0,90.0,35.0,22.0,0.58,0,48.0,44.0,112.0,20.0,,300,2.335361437,1.5
Patiala,Kami Kalan,76.679,30.378,7.7,1330,0,464.0,83.0,250.0,0.7,0.38,0,52.0,58.0,175.0,13.0,,370,3.337119062,0.2
Patiala,Kangthala,76.133,29.841,8.42,2330,24,378.0,292.0,460.0,1.6,0.54,0,24.0,39.0,472.0,3.6,,220,11.89328208,2.5
Patiala,Lacharu Kalan,76.64,30.3433,8.45,2075,48,696.0,180.0,245.0,0.7,0.90,0,12.0,41.0,275.0,290.0,,200,7.554831017,9.0
Patiala,Lachkani,76.3322,30.4011,7.98,957,0,574.0,69.0,0.0,32.0,0.48,0,28.0,34.0,170.0,20.0,,210,4.318004318,5.2
Patiala,Lohakheri,76.586,30.409,7.9,1832,0,513.0,132.0,440.0,15.0,0.80,0,72.0,97.0,227.0,16.0,,570,3.492307692,-3.3
Patiala,Mardan heri,76.20536,30.0563,7.72,1584,0,818.0,132.0,0.0,42.0,0.45,0,40.0,73.0,222.0,11.0,,400,4.176800656,5.3
Patiala,Miranpur,76.4769,30.2056,7.92,1230,0,354.0,229.0,145.0,0.0,0.60,0,52.0,58.0,170.0,26.0,,370,3.241772803,-1.6
Patiala,Nariana,76.579,30.612,8.02,1305,0,708.0,104.0,0.0,42.0,0.05,0,16.0,78.0,182.0,4.7,,360,3.754373336,4.3
Patiala,Patran,76.0528,29.9539,8.01,927,0,549.0,42.0,0.0,28.0,0.79,0,40.0,58.0,85.0,11.0,,340,1.717259326,2.2
Patiala,Rajgarh,76.73222222,30.41555556,8.05,895,0,537.0,21.0,40.0,18.0,0.45,0,36.0,36.0,130.0,8.2,,240,3.064129385,4.0
Patiala,Rajpura,76.5889,30.4753,8.12,1512,0,903.0,69.0,0.0,4.5,2.40,0,44.0,34.0,272.0,5.1,,250,6.159587066,9.8
Patiala,Ramgarh,76.71472222,30.555,7.85,677,0,427.0,14.0,0.0,26.0,0.30,0,52.0,36.0,48.0,7.6,,280,1.023363439,1.4
Patiala,Samana,76.1889,30.1475,7.67,1252,0,415.0,118.0,130.0,29.0,0.38,0,40.0,61.0,128.0,36.0,,350,2.547295207,-0.3
Patiala,Sangat Pura Panki,76.2258,30.3425,8.18,1065,0,659.0,18.0,0.0,22.0,0.50,0,36.0,24.0,175.0,21.0,,190,4.518480571,7.0
Patiala,Thuha,76.6636,30.501,8.32,837,24,415.0,35.0,50.0,0.0,2.00,0,20.0,12.0,180.0,1.2,,100,6.363961031,5.6
Rupnagar,Ahmedpur,76.57163,31.00631,8.04,1309,0,378.0,184.0,20.0,68.0,0.05,0,76.0,39.0,138.0,3.6,,350,2.573713271,-0.9
Rupnagar,Bara Chauta,76.5264,30.9661,8.34,658,51,214.0,43.0,3.0,8.2,0.51,0,24.0,36.0,52.0,9.0,,210,1.342634227,1.0
Rupnagar,Bhalan,76.375,31.275,8.25,837,0,299.0,121.0,0.0,2.3,0.34,0,240.0,29.0,92.0,33.0,,180,1.1218678,-9.5
Rupnagar,Brahampur,76.39858,31.33232,8.55,413,48,219.7,7.1,5.0,0.7,0.40,0,24.0,14.6,70.0,5.4,,120.096,2.25337973,2.8
Rupnagar,Chak Dehra,76.53333333,31.04166667,7.82,593,0,299.0,21.0,14.0,6.6,0.79,0,56.0,24.0,16.0,18.0,,240,0.357770876,0.1
Rupnagar,Chatamli,76.54936,30.81845,8.73,867,87,293.0,28.0,0.0,11.0,1.00,0,16.0,27.0,116.0,29.0,,150,3.537966832,4.7
Rupnagar,Dhair,76.44583333,31.27083333,7.62,648,0,317.0,43.0,10.0,2.7,0.29,0,44.0,32.0,31.0,24.0,,240,0.711188775,0.3
Rupnagar,Dumewal,76.417,31.208,7.81,499,0,238.0,28.0,9.0,4.0,0.27,0,44.0,20.0,22.0,11.0,,190,0.55,0.0
Rupnagar,Kakrali,76.524,30.834,8.44,894,87,262.0,50.0,14.0,0.2,0.78,0,24.0,51.0,67.0,25.0,,270,1.547298721,1.7
Rupnagar,Rurkee Heeran,76.42873,30.85346,8.29,693,0,383.0,21.0,0.0,0.3,0.52,0,28.0,44.0,40.0,10.0,,250,0.942809042,1.2
Sangrur,Badru khan,75.7971,30.2507,8.4,1500,48,879.0,35.0,0.0,14.0,0.69,0,16.0,32.0,315.0,9.7,,170,9.09326674,12.5
Sangrur,Bagarian,76.0333,30.4342,8.12,485,0,366.0,14.0,0.0,0.5,0.50,0,36.0,22.0,62.0,7.1,,180,1.628199767,2.4
Sangrur,Benra,75.848,30.338,8.48,940,48,488.0,14.0,55.0,12.0,0.65,0,52.0,49.0,105.0,12.0,,330,2.089578099,2.9
Sangrur,Bhojowal,75.92472222,30.33777778,8.5,1600,36,769.0,121.0,35.0,31.0,1.00,0,20.0,24.0,352.0,9.0,,150,10.61319933,10.8
Sangrur,Bhulan,76.01,29.763,8.25,1455,0,574.0,149.0,115.0,27.0,0.75,0,28.0,85.0,130.0,99.0,,420,2.445874258,0.9
Sangrur,Bugra,75.7789,30.3497,8.4,624,24,305.0,14.0,35.0,28.0,0.54,0,24.0,9.7,124.0,4.5,,100,4.272053968,3.8
Sangrur,Bulan,76.0061,29.7625,8.11,600,0,244.1,21.3,104.0,11.0,0.50,0,52.0,34.0,34.0,9.2,,270.216,0.733262858,-1.4
Sangrur,Chural Kalan,75.8,29.819,8.6,1530,48,879.0,28.0,22.0,19.0,4.90,0,12.0,24.0,348.0,8.0,,130,11.6,13.4
Sangrur,Ghanauri Kalan,75.77,30.41,8.14,1185,0,574.0,121.0,29.0,49.0,0.39,0,64.0,51.0,150.0,14.0,,370,2.797514425,2.0
Sangrur,Ladda,75.8206,30.3144,8.14,630,0,439.0,14.0,0.0,18.0,0.52,0,40.0,27.0,82.0,8.9,,210,2.003578887,2.9
Sangrur,Longowal,75.7067,30.22,8.35,1250,48,708.0,42.0,32.0,10.0,0.54,0,24.0,32.0,260.0,9.3,,190,6.94879229,9.3
Sangrur,Malerkotla,75.8983,30.5292,8.62,942,48,415.0,57.0,0.0,84.0,0.59,0,44.0,49.0,112.0,17.0,,310,2.322771796,2.1
Sangrur,Manjhi,76.098,30.29,8.5,505,36,268.0,7.1,12.0,0.4,0.56,0,16.0,19.0,83.0,5.4,,120,2.805912126,3.2
Sangrur,Manvi,76.0219,30.3719,8.32,622,12,342.0,14.0,10.0,25.0,0.40,0,40.0,27.0,61.0,11.0,,210,1.490467221,1.8
Sangrur,Sunam,76.3539,30.6097,8.48,532,24,281.0,14.0,0.0,11.0,0.40,0,48.0,29.0,30.0,7.2,,240,0.683763459,0.6
SAS Nagar,Akalgarh,76.612,30.857,8.03,564,0,316.0,14.0,0.0,4.0,0.57,0,16.0,73.0,97.0,2.6,,70,2.056395887,-1.7
SAS Nagar,Antala,76.9261,30.39729,8.02,609,0,310.0,28.0,2.0,8.5,0.61,0,32.0,19.0,61.0,13.0,,160,1.708341703,1.9
SAS Nagar,Banaur,76.586,30.493,8.72,942,108,238.0,64.0,0.0,5.0,0.65,0,36.0,36.0,105.0,4.0,,240,2.474873734,2.7
SAS Nagar,Chhat,76.794,30.614,8.12,528,0,280.0,14.0,12.0,1.0,0.37,0,28.0,19.0,51.0,4.0,,150,1.487822913,1.6
SAS Nagar,Dheri,76.69583333,30.625,8.24,726,0,342.0,57.0,0.0,1.0,1.00,0,28.0,24.0,88.0,4.0,,170,2.440680863,2.2
SAS Nagar,Gholu Majra,76.824,30.533,8.71,1085,111,390.0,21.0,0.0,1.0,1.30,0,16.0,22.0,188.0,4.0,,130,6.099525435,7.5
SAS Nagar,Goga,76.55416667,30.70833333,7.96,695,0,360.0,35.5,0.0,2.1,0.42,0,40.0,24.0,68.0,0.9,,200,1.7,1.9
SAS Nagar,Haluka,76.66234,30.56114,8.58,688,48,238.0,43.0,3.0,0.1,0.24,0,64.0,10.0,65.0,2.4,,200,1.511219304,1.5
SAS Nagar,Ha0esra,76.892,30.417,8.14,1017,0,372.0,92.0,60.0,2.6,0.42,0,20.0,24.0,148.0,25.5,,150,4.4623679,3.1
SAS Nagar,Issapur,76.82985,30.5942,8.19,689,0,372.0,28.0,0.0,0.7,0.18,0,32.0,15.0,78.0,29.0,,140,2.275493867,3.2
SAS Nagar,Joli,76.9,30.55,7.97,1940,0,214.0,447.0,86.0,91.0,0.19,1,84.0,88.0,168.0,39.0,,570,2.561975982,-8.0
SAS Nagar,Landran,76.66372,30.69517,8,919,0,293.0,142.0,5.0,17.0,0.48,0,68.0,17.0,88.0,24.0,,240,1.908988029,0.0
SAS Nagar,Sirsini,76.77812,30.4552,8.23,4586,0,421.0,716.0,888.0,0.9,0.84,0,68.0,194.0,560.0,88.0,,971,6.919383108,-12.7
SAS Nagar,Sundran,76.893,30.615,8.12,561,0,305.0,14.0,12.0,0.0,0.37,0,24.0,19.0,66.0,3.0,,140,2.012981128,2.2
Tarn Taran,Amnisha Kalra,74.62388889,31.39388889,8.9,2015,108,829.9,78.0,182.0,1.3,9.00,0,16.0,19.5,485.0,9.4,,120.096,16.28011835,14.8
Tarn Taran,Barwala,74.803,31.224,8.54,1345,48,695.6,177.3,0.0,25.0,4.50,0,16.0,19.5,365.0,18.0,,120.096,12.25204783,10.6
Tarn Taran,Bhikhiwind,74.7,31.35,8.37,518,24,280.7,7.1,25.0,7.7,0.35,0,32.0,9.7,87.0,4.8,,120.096,2.694518817,3.0
Tarn Taran,Chabal,74.8,31.48111111,8.41,1852,36,756.6,7.1,295.0,48.0,2.20,0,16.0,51.1,355.0,18.0,,250.2,8.667564629,8.5
Tarn Taran,Cholashaib,74.9893,31.2573,8.27,440,0,244.1,14.2,25.0,20.0,0.62,0,28.0,26.8,34.0,9.4,,180.144,0.918583486,0.4
Tarn Taran,Gandi wind,74.7,31.517,8.23,1043,0,488.2,92.2,95.0,7.1,0.32,0,20.0,43.8,182.0,12.0,,230.184,4.557126081,3.4
Tarn Taran,Goi0wal Sahib,75.144,31.365,8.35,486,36,207.5,21.3,28.0,7.3,0.47,0,28.0,14.6,74.0,6.4,,130.104,2.267550228,2.0
Tarn Taran,Kalsian Kalan,74.7004,31.2768,8.17,536,0,366.1,7.1,0.0,12.0,0.35,0,24.0,14.6,90.0,5.6,,120.096,2.89720251,3.6
Tarn Taran,Khadur sahib,75.13055556,31.43333333,8.27,656,0,439.3,14.2,8.0,0.8,0.40,0,24.0,21.9,105.0,12.0,,150.12,3.099652099,4.2
Tarn Taran,Khawaspur,75.1,31.392,8.25,644,0,293.0,49.6,30.0,33.0,0.40,0,24.0,31.6,78.0,8.6,,190.152,2.092122945,1.0
Tarn Taran,Maarihinavaabad,74.666,31.332,8.48,457,36,256.3,7.1,0.0,0.8,0.25,0,16.0,17.0,78.0,5.9,,110.088,2.715611433,3.2
Tarn Taran,Rattoke,74.6261,31.141,8.4,1660,36,744.4,14.2,272.0,40.0,1.60,0,20.0,58.4,325.0,15.0,,290.232,7.341001711,7.5
Tarn Taran,Sahabpur,74.9316,31.3924,8.08,426,0,329.5,7.1,0.0,0.7,0.22,0,20.0,21.9,62.0,8.3,,140.112,1.915643426,2.6
Ludhiana,Basian Bet,75.6244,30.9017,8.01,402,0,244.0,7.1,45.0,19.0,0.45,0,80.0,2.4,18.0,6.9,,230,0.396587384,-0.2
Ludhiana,Begowal,76.056,30.817,7.95,900,0,586.0,21.0,0.0,27.0,1.05,0,48.0,22.0,95.0,9.6,,310,2.270934358,5.4
Rupnagar,Brahampur,76.4,31.331,8.49,418,36,98.0,21.0,22.0,20.0,0.39,0,40.0,17.0,18.0,0.8,,170,0.476831649,-0.6
SAS Nagar,Sawara,76.641,30.684,8.23,2675,0,585.0,390.0,144.0,180.0,1.00,0,44.0,58.0,365.0,145.0,,350,7.228077064,2.6
Rupnagar,Hardo Namoh,76.575,31.15,8.41,607,51,127.0,50.0,38.0,4.4,0.37,0,24.0,29.0,46.0,19.0,,180,1.263717188,0.2
Ferozepur,Moharewala,74.5849,30.8287,8.55,1825,72,366.1,121.2,295.0,180.0,1.20,0,16.0,46.2,350.0,50.0,,230.184,8.875704763,3.8
Fazilka,Noore ke Uttar,74.2799,30.6809,8.62,1388,72,488.2,40.4,152.0,12.0,0.69,0,16.0,38.9,250.0,9.2,,200.16,6.748136085,6.4
Fazilka,Mottiwala,74.3556,30.7125,8.52,1028,60,317.3,26.9,200.0,2.5,1.10,0,20.0,19.5,220.0,6.5,,130.104,7.000904101,4.6
Fazilka,Swahwala,74.3009,30.6007,8.7,2185,72,842.1,87.6,252.0,34.0,4.70,0,4.0,10.1,545.0,4.6,,52.0416,29.02798845,15.2
Fazilka,Nihal Khera,74.1385,30.2348,8.28,820,0,366.1,47.1,85.0,2.0,0.73,0,21.0,55.6,63.0,37.0,,281.0246,1.439647476,0.3
Fazilka,Alamgarh,74.1576,30.1269,7.97,2433,0,414.9,289.6,494.0,98.0,0.59,0,71.0,91.1,214.0,260.0,,551.641,3.361648196,-4.3
Fazilka,Bananwala,74.3074,30.3805,8.12,2075,0,305.1,309.8,450.0,12.0,0.80,0,75.0,93.6,265.0,17.0,,572.4576,4.08175642,-6.5
Fazilka,Kundal,74.2682,30.2164,8.45,302,24,73.2,20.2,30.0,2.3,0.47,0,25.0,12.6,22.0,4.3,,114.4915,0.71756088,-0.3
Fazilka,Abohar,74.1901,30.148,7.95,8768,0,366.1,1293.2,2320.0,160.0,0.88,0,167.0,194.8,1565.0,44.0,,1217.773,16.4554611,-18.6
Fazilka,Sitogano,74.3602,30.029,8.02,5320,0,463.8,599.5,1560.0,36.0,1.90,0,88.0,136.6,955.0,25.0,,780.624,12.74466697,-8.2
Mansa,Jheriawali,75.2588,29.8726,7.95,2900,0,219.7,471.5,687.0,14.7,0.55,0,117.0,96.1,405.0,9.4,,686.9491,5.548726185,-10.3
Hoshiarpur,Baghorra,76.011494,31.3607733,8.08,495,0,329.5,13.5,15.0,1.4,0.40,0,29.0,43.0,22.0,10.0,,249.7997,0.518544973,0.4
Hoshiarpur,Bassi Ballo,75.869,31.655,8.16,336,0,244.1,13.5,0.0,7.8,0.43,0,46.0,10.1,30.0,4.9,,156.1248,0.801068805,0.9
Hoshiarpur,Kaloya,75.686818,31.64148,8.25,393,0,268.5,13.5,0.0,0.0,0.48,0,33.0,20.2,30.0,11.0,,166.5331,0.822612746,1.1
